DISTRICT,COUNTY,HIGHWAY,CCSJ,DATE FINAL ESTIMATE PAID,CONTRACT AWARD,CHANGE ORDERS,AMOUNT PAID,UNDER/OVER BUDGET,CONTRACT DAYS,DAYS ADDED,DAYS USED,UNDER/OVER SCHEDULE
SCHEDULE = CONTRACT DAYS PLUS DAYS ADDED,,,,,,,,,,,,
DISTRICT,COUNTY,HIGHWAY,C C S J,DATE FINAL ESTIMATE PAID,"CONTRACT
AWARD",CHANGE ORDERS,"AMOUNT
PAID","UNDER/OVER
BUDGET",CONTRACT DAYS,DAYS ADDED,"DAYS
USED","UNDER/OVER
SCHEDULE"
ABILENE,CALLAHAN,SH 36,018102029,8/2/2017,"$5,388,974.28","$411,912.32 ","$6,048,340.61","$247,454.01 ",129 ,20 ,149 ,0 
ABILENE,FISHER,FM 2832,285701005,7/26/2017,"$678,682.96","$24,994.33 ","$685,660.51","($18,016.78)",72 ,0 ,108 ,36 
ABILENE,HOWARD,IH 20,000505102,8/3/2017,"$18,434,933.56","$455,691.25 ","$18,626,251.80","($264,373.01)",470 ,59 ,542 ,13 
ABILENE,HOWARD,VA,090812019,4/10/2017,"$44,837,998.95","$1,045,985.76 ","$47,492,406.76","$1,608,422.05 ",679 ,0 ,538 ,(141)
ABILENE,MITCHELL,SH 208,045403041,8/21/2017,"$2,654,056.79","$184,486.34 ","$2,794,235.89","($44,307.24)",56 ,22 ,77 ,(1)
ABILENE,MITCHELL,FM 2836,233101014,8/25/2017,"$1,445,914.79","$21,534.54 ","$1,295,805.67","($171,643.66)",82 ,8 ,148 ,58 
ABILENE,NOLAN,IH 20,000602112,5/25/2017,"$3,498,754.25","$14,859.84 ","$3,494,140.24","($19,473.85)",48 ,0 ,100 ,52 
ABILENE,SCURRY,FM 1606,152602009,3/3/2017,"$6,584,662.31","$50,870.00 ","$6,592,132.73","($43,399.58)",194 ,19 ,215 ,2 
ABILENE,TAYLOR,BU 83-D,003308038,5/22/2017,"$9,806,711.43","($467,085.05)","$9,276,972.49","($62,653.89)",67 ,2 ,69 ,0 
ABILENE,TAYLOR,US 84,005401031,4/11/2017,"$7,380,051.17","$53,592.00 ","$7,536,274.34","$102,631.17 ",72 ,10 ,110 ,28 
ABILENE,TAYLOR,VA,090800080,3/6/2017,"$448,260.50","$14,190.40 ","$472,197.40","$9,746.50 ",75 ,0 ,67 ,(8)
AMARILLO,GRAY,IH 40,027511077,8/3/2017,"$3,565,812.59","($176,195.50)","$3,487,286.09","$97,669.00 ",76 ,0 ,69 ,(7)
AMARILLO,GRAY,SH 152,039701043,6/20/2017,"$6,779,225.70",$0.00 ,"$6,932,565.86","$153,340.16 ",52 ,0 ,79 ,27 
AMARILLO,HARTLEY,US 87,004101045,3/28/2017,"$9,173,359.64","$37,359.68 ","$9,914,154.76","$703,435.44 ",120 ,0 ,116 ,(4)
AMARILLO,HEMPHILL,US 83,003005063,3/3/2017,"$7,498,932.21","($415,347.11)","$7,337,566.02","$253,980.92 ",125 ,3 ,121 ,(7)
AMARILLO,HEMPHILL,US 60,003006056,8/15/2017,"$19,606,573.39","$26,480.14 ","$19,219,408.67","($413,644.86)",170 ,45 ,209 ,(6)
AMARILLO,HEMPHILL,PW,090403017,6/27/2017,"$938,346.79",($616.18),"$852,506.37","($85,224.24)",57 ,0 ,49 ,(8)
AMARILLO,OCHILTREE,US 83,003001032,7/12/2017,"$7,967,738.81","$172,922.12 ","$7,746,312.75","($394,348.18)",94 ,0 ,93 ,(1)
AMARILLO,POTTER,VA,090400161,4/28/2017,"$1,946,236.07","$10,000.00 ","$1,721,416.37","($234,819.70)",210 ,3 ,127 ,(86)
AMARILLO,POTTER,VA,090400162,5/30/2017,"$369,998.68","$7,479.60 ","$377,478.28",$0.00 ,74 ,0 ,13 ,(61)
AMARILLO,ROBERTS,US 60,016908022,5/15/2017,"$996,579.09","($12,658.43)","$788,116.42","($195,804.24)",76 ,0 ,76 ,0 
AMARILLO,SHERMAN,US 54,023806029,6/2/2017,"$7,825,684.43","($2,752.00)","$8,125,791.39","$302,858.96 ",57 ,0 ,55 ,(2)
ATLANTA,BOWIE,US 67,001012067,6/20/2017,"$1,829,345.43","($806,106.53)","$782,795.38","($240,443.52)",195 ,7 ,193 ,(9)
ATLANTA,BOWIE,SL 14,004608016,7/26/2017,"$381,220.00",$0.00 ,"$381,220.00",$0.00 ,120 ,0 ,27 ,(93)
ATLANTA,BOWIE,IH 30,061007098,4/27/2017,"$3,821,270.50","$31,452.04 ","$4,044,069.59","$191,347.05 ",290 ,0 ,277 ,(13)
ATLANTA,CASS,FM 1399,054608011,5/19/2017,"$1,162,910.40","$78,796.80 ","$1,242,252.87",$545.67 ,150 ,15 ,178 ,13 
ATLANTA,HARRISON,IH 20,049508095,5/19/2017,"$7,872,292.12","$470,421.77 ","$8,730,188.57","$387,474.68 ",110 ,0 ,100 ,(10)
ATLANTA,HARRISON,IH 20,049508096,4/20/2017,"$1,038,536.77",$0.00 ,"$1,045,544.42","$7,007.65 ",245 ,0 ,200 ,(45)
ATLANTA,MARION,US 59,006206053,5/25/2017,"$2,050,585.72","$101,411.74 ","$2,268,977.72","$116,980.26 ",50 ,0 ,52 ,2 
ATLANTA,MARION,SH 43,056903021,7/14/2017,"$1,204,182.24","$88,060.28 ","$1,303,620.59","$11,378.07 ",63 ,0 ,61 ,(2)
ATLANTA,TITUS,US 271,022105088,3/29/2017,"$2,995,056.85","$327,626.83 ","$3,453,628.70","$130,945.02 ",55 ,0 ,75 ,20 
AUSTIN,BASTROP,US 290,011406030,4/28/2017,"$19,049,776.57","$945,623.78 ","$20,453,629.55","$458,229.20 ",301 ,90 ,390 ,(1)
AUSTIN,BASTROP,SH 71,026503048,7/7/2017,"$286,525.30","$11,611.21 ","$312,888.74","$14,752.23 ",32 ,0 ,20 ,(12)
AUSTIN,BASTROP,SH 71,026505071,4/25/2017,"$13,669,975.32","$8,765.80 ","$13,468,670.80","($210,070.32)",346 ,0 ,307 ,(39)
AUSTIN,BASTROP,SH 21,047201041,3/13/2017,"$423,190.77","$20,043.38 ","$431,830.73","($11,403.42)",15 ,0 ,11 ,(4)
AUSTIN,BASTROP,CS,091418091,8/25/2017,"$529,317.55",$0.00 ,"$518,173.55","($11,144.00)",95 ,0 ,90 ,(5)
AUSTIN,BASTROP,CR,091418108,6/12/2017,"$431,059.21","$2,484.00 ","$420,652.11","($12,891.10)",75 ,0 ,65 ,(10)
AUSTIN,BASTROP,FM 2571,268601011,3/23/2017,"$1,212,626.25","$151,057.01 ","$1,372,413.63","$8,730.37 ",115 ,85 ,200 ,0 
AUSTIN,BLANCO,US 281,011305047,3/24/2017,"$1,397,340.04","$63,856.90 ","$1,549,889.08","$88,692.14 ",55 ,0 ,41 ,(14)
AUSTIN,BLANCO,RM 3232,335102005,4/12/2017,"$3,490,778.45","($110,886.15)","$3,367,320.34","($12,571.96)",225 ,34 ,253 ,(6)
AUSTIN,BURNET,US 281,025201074,3/21/2017,"$2,392,271.35","$79,352.46 ","$2,552,279.57","$80,655.76 ",62 ,0 ,54 ,(8)
AUSTIN,BURNET,SH 71,070001040,6/29/2017,"$113,531.00",$0.00 ,"$115,302.00","$1,771.00 ",64 ,0 ,64 ,0 
AUSTIN,CALDWELL,SH 80,028701015,4/27/2017,"$2,205,029.54","$58,435.25 ","$2,520,761.55","$257,296.76 ",40 ,1 ,40 ,(1)
AUSTIN,GILLESPIE,CR,091419022,8/23/2017,"$2,659,843.08","$28,423.14 ","$2,735,756.21","$47,489.99 ",623 ,0 ,584 ,(39)
AUSTIN,GILLESPIE,RM 2721,271901008,3/13/2017,"$2,899,581.31","($58,265.40)","$2,710,899.58","($130,416.33)",159 ,82 ,510 ,269 
AUSTIN,HAYS,IH 35,001603096,3/14/2017,"$1,166,528.52","$14,395.94 ","$1,288,079.87","$107,155.41 ",36 ,0 ,33 ,(3)
AUSTIN,HAYS,IH 35,001603101,5/18/2017,"$386,404.30","($48,520.13)","$328,419.14","($9,465.03)",14 ,0 ,16 ,2 
AUSTIN,HAYS,US 290,011307067,5/18/2017,"$816,443.00","$6,185.00 ","$850,118.86","$27,490.86 ",29 ,0 ,17 ,(12)
AUSTIN,HAYS,RM 12,028503053,7/26/2017,"$1,923,900.41","$6,127.92 ","$1,884,965.75","($45,062.58)",126 ,0 ,165 ,39 
AUSTIN,HAYS,SH 80,028601055,3/28/2017,"$295,843.00",$0.00 ,"$285,988.10","($9,854.90)",60 ,0 ,80 ,20 
AUSTIN,HAYS,RM 1826,175402019,7/14/2017,"$746,842.80",$0.00 ,"$778,356.57","$31,513.77 ",129 ,0 ,116 ,(13)
AUSTIN,HAYS,RM 1826,175402024,8/23/2017,"$605,145.34","$48,970.61 ","$682,603.45","$28,487.50 ",40 ,12 ,75 ,23 
AUSTIN,HAYS,RM 967,177601032,7/19/2017,"$4,408,237.86","$126,398.79 ","$4,510,489.23","($24,147.42)",227 ,104 ,328 ,(3)
AUSTIN,HAYS,FM 2439,229301024,3/10/2017,"$6,950,845.23","($212,279.94)","$6,516,295.60","($222,269.69)",263 ,94 ,356 ,(1)
AUSTIN,HAYS,FM 2439,229301027,3/10/2017,"$274,000.00",$0.00 ,"$306,029.49","$32,029.49 ",23 ,0 ,6 ,(17)
AUSTIN,HAYS,FM 2770,321001013,3/24/2017,"$839,994.76",$0.00 ,"$858,053.66","$18,058.90 ",40 ,0 ,24 ,(16)
AUSTIN,LEE,FM 180,311401012,3/24/2017,"$4,218,820.70","$199,874.25 ","$4,288,501.64","($130,193.31)",129 ,28 ,154 ,(3)
AUSTIN,LLANO,CR,091425007,3/7/2017,"$299,364.78","$14,504.93 ","$266,404.60","($47,465.11)",52 ,5 ,72 ,15 
AUSTIN,MASON,US 377,014904016,5/19/2017,"$765,167.50","$14,850.00 ","$773,528.75","($6,488.75)",87 ,0 ,57 ,(30)
AUSTIN,MASON,RM 386,057701028,8/22/2017,"$1,151,527.25","$108,203.32 ","$1,320,111.13","$60,380.56 ",247 ,6 ,203 ,(50)
AUSTIN,TRAVIS,LP 275,001511062,4/5/2017,"$1,249,601.80","$408,594.34 ","$1,733,262.12","$75,065.98 ",42 ,0 ,41 ,(1)
AUSTIN,TRAVIS,IH 35,001513352,4/26/2017,"$1,822,826.45","$44,303.16 ","$2,127,256.05","$260,126.44 ",66 ,0 ,64 ,(2)
AUSTIN,TRAVIS,IH 35,001513360,4/19/2017,"$2,905,019.45","$333,426.65 ","$3,416,873.43","$178,427.33 ",175 ,10 ,177 ,(8)
AUSTIN,TRAVIS,IH 35,001513405,7/26/2017,"$848,590.00","$17,774.88 ","$963,708.74","$97,343.86 ",23 ,0 ,23 ,0 
AUSTIN,TRAVIS,LP 275,001601109,4/12/2017,"$453,261.10",($27.61),"$403,137.44","($50,096.05)",32 ,0 ,72 ,40 
AUSTIN,TRAVIS,IH 35,001601110,6/7/2017,"$2,011,905.83","$111,496.01 ","$2,038,409.32","($84,992.52)",54 ,5 ,39 ,(20)
AUSTIN,TRAVIS,SL 275,001601115,5/19/2017,"$293,000.00","$32,507.00 ","$348,450.34","$22,943.34 ",52 ,25 ,77 ,0 
AUSTIN,TRAVIS,US 290,011309070,8/11/2017,"$2,906,870.88","($269,610.65)","$2,531,490.45","($105,769.78)",49 ,0 ,54 ,5 
AUSTIN,TRAVIS,SL 360,011313154,5/30/2017,"$3,188,700.55","($5,129.95)","$3,395,653.88","$212,083.28 ",49 ,0 ,49 ,0 
AUSTIN,TRAVIS,US 290,011403025,3/7/2017,"$1,623,285.68","$66,577.40 ","$1,726,891.76","$37,028.68 ",107 ,0 ,102 ,(5)
AUSTIN,TRAVIS,RM 3238,068304018,4/10/2017,"$1,504,303.45","$35,403.04 ","$1,699,602.70","$159,896.21 ",106 ,60 ,166 ,0 
AUSTIN,TRAVIS,SH 71,070003123,7/27/2017,"$8,246,005.41","$411,667.58 ","$8,341,862.11","($315,810.88)",161 ,137 ,328 ,30 
AUSTIN,TRAVIS,SH 71,070003130,3/22/2017,"$425,202.19",$0.00 ,"$353,073.09","($72,129.10)",20 ,0 ,8 ,(12)
AUSTIN,TRAVIS,VA,091400301,5/8/2017,"$4,204,759.50","$483,450.83 ","$4,549,610.10","($138,600.23)",508 ,0 ,501 ,(7)
AUSTIN,TRAVIS,VA,091400344,3/23/2017,"$1,083,323.50","($13,005.60)","$1,363,027.00","$292,709.10 ",300 ,0 ,239 ,(61)
AUSTIN,TRAVIS,VA,091400367,4/7/2017,"$278,620.64","$26,712.24 ","$308,911.43","$3,578.55 ",133 ,0 ,81 ,(52)
AUSTIN,TRAVIS,VA,091400381,3/2/2017,"$994,912.00","$29,620.44 ","$1,059,612.25","$35,079.81 ",168 ,0 ,153 ,(15)
AUSTIN,TRAVIS,FM 969,118601089,3/16/2017,"$2,067,551.68","$23,498.48 ","$2,208,651.93","$117,601.77 ",38 ,0 ,40 ,2 
AUSTIN,TRAVIS,FM 973,120003046,3/24/2017,"$4,060,301.68","$3,500.45 ","$3,973,672.89","($90,129.24)",288 ,0 ,288 ,0 
AUSTIN,TRAVIS,FM 973,120003052,3/10/2017,"$3,332,550.36","$24,307.61 ","$3,305,884.22","($50,973.75)",247 ,5 ,291 ,39 
AUSTIN,TRAVIS,FM 1825,190201027,3/13/2017,"$406,530.37","($35,335.56)","$351,477.68","($19,717.13)",32 ,0 ,9 ,(23)
AUSTIN,TRAVIS,FM 3177,327701013,7/18/2017,"$3,616,126.77","$290,559.32 ","$3,931,149.28","$24,463.19 ",159 ,73 ,232 ,0 
AUSTIN,WILLIAMSON,US 183,015104067,3/8/2017,"$867,875.03","($94,409.25)","$711,091.83","($62,373.95)",33 ,0 ,39 ,6 
AUSTIN,WILLIAMSON,US 183,015105103,3/28/2017,"$344,399.00","$4,954.10 ","$248,108.65","($101,244.45)",55 ,0 ,188 ,133 
AUSTIN,WILLIAMSON,US 183,015105108,3/24/2017,"$1,517,070.86","($414,572.97)","$1,133,337.88","$30,839.99 ",38 ,0 ,32 ,(6)
AUSTIN,WILLIAMSON,US 79,020401061,6/28/2017,"$434,443.61","$27,802.10 ","$497,143.91","$34,898.20 ",67 ,0 ,63 ,(4)
AUSTIN,WILLIAMSON,US 183,027304033,7/14/2017,"$1,846,967.10","$14,563.57 ","$1,879,420.85","$17,890.18 ",122 ,0 ,114 ,(8)
AUSTIN,WILLIAMSON,US 183,027304035,6/28/2017,"$1,300,087.10",$0.00 ,"$1,340,547.43","$40,460.33 ",101 ,0 ,98 ,(3)
AUSTIN,WILLIAMSON,SH 95,032003083,8/17/2017,"$2,497,365.80","$62,005.86 ","$2,700,875.63","$141,503.97 ",180 ,0 ,167 ,(13)
AUSTIN,WILLIAMSON,SH 29,033701038,3/16/2017,"$2,014,970.42","($41,558.55)","$2,140,417.13","$167,005.26 ",60 ,0 ,73 ,13 
AUSTIN,WILLIAMSON,SH 29,033702041,3/16/2017,"$1,499,000.00",$0.00 ,"$1,512,381.18","$13,381.18 ",40 ,0 ,31 ,(9)
AUSTIN,WILLIAMSON,SH 195,044001039,6/23/2017,"$33,311,111.00","($218,238.77)","$33,630,210.99","$537,338.76 ",510 ,0 ,509 ,(1)
AUSTIN,WILLIAMSON,SH 195,044002010,4/3/2017,"$18,778,887.62","$359,759.29 ","$18,597,243.04","($541,403.87)",368 ,152 ,520 ,0 
AUSTIN,WILLIAMSON,SH 45,068306027,4/26/2017,"$24,729,960.45","$3,376,695.89 ","$28,136,945.96","$30,289.62 ",495 ,142 ,677 ,40 
AUSTIN,WILLIAMSON,VA,091405182,7/13/2017,"$77,034.50",$0.00 ,"$81,568.90","$4,534.40 ",18 ,0 ,11 ,(7)
AUSTIN,WILLIAMSON,FM 1466,120004011,3/28/2017,"$597,945.34",$0.00 ,"$590,237.62","($7,707.72)",48 ,0 ,48 ,0 
AUSTIN,WILLIAMSON,FM 487,120102019,5/8/2017,"$6,128,687.87","$365,888.84 ","$6,577,440.64","$82,863.93 ",287 ,8 ,290 ,(5)
AUSTIN,WILLIAMSON,FM 487,120103021,4/24/2017,"$6,707,427.52","$1,364,798.60 ","$7,814,572.96","($257,653.16)",391 ,0 ,359 ,(32)
AUSTIN,WILLIAMSON,RM 1431,137802040,7/10/2017,"$6,684,011.94","$313,111.91 ","$7,481,296.50","$484,172.65 ",177 ,25 ,202 ,0 
AUSTIN,WILLIAMSON,FM 3406,137806011,5/25/2017,"$4,776,174.80","$118,803.62 ","$5,008,793.15","$113,814.73 ",260 ,26 ,284 ,(2)
BEAUMONT,CHAMBERS,IH 10,050802111,5/11/2017,"$131,475.45",$0.00 ,"$129,031.50","($2,443.95)",12 ,0 ,10 ,(2)
BEAUMONT,CHAMBERS,IH 10,050802112,7/3/2017,"$1,813,849.84","$71,284.36 ","$1,903,061.95","$17,927.75 ",90 ,58 ,172 ,24 
BEAUMONT,CHAMBERS,FM 3180,327101014,5/11/2017,"$783,181.36","$54,344.00 ","$767,324.40","($70,200.96)",69 ,0 ,60 ,(9)
BEAUMONT,JASPER,BU 96-E,006510017,7/25/2017,"$107,712.98",$0.00 ,"$107,619.74",($93.24),13 ,0 ,8 ,(5)
BEAUMONT,JASPER,US 190,021308089,7/3/2017,"$4,313,473.26","$301,584.80 ","$4,778,310.32","$163,252.26 ",235 ,20 ,250 ,(5)
BEAUMONT,JASPER,FM 1004,094703029,6/28/2017,"$1,120,934.72","$14,407.73 ","$1,106,845.56","($28,496.89)",75 ,3 ,74 ,(4)
BEAUMONT,JASPER,FM 1007,127601020,5/4/2017,"$1,655,300.24","$74,836.34 ","$1,757,443.74","$27,307.16 ",146 ,3 ,126 ,(23)
BEAUMONT,JEFFERSON,SH 87,030603121,3/23/2017,"$3,158,875.97","$370,461.45 ","$3,172,799.50","($356,537.92)",70 ,29 ,79 ,(20)
BEAUMONT,JEFFERSON,IH 10,073902155,8/11/2017,"$29,990,329.95","$1,677,235.92 ","$31,289,782.46","($377,783.41)",484 ,0 ,412 ,(72)
BEAUMONT,JEFFERSON,CR,092038217,7/24/2017,"$2,984,343.40","$131,628.26 ","$3,161,299.39","$45,327.73 ",180 ,58 ,248 ,10 
BEAUMONT,JEFFERSON,VA,092038250,4/3/2017,"$4,297,854.65","$349,380.87 ","$4,719,136.62","$71,901.10 ",201 ,0 ,255 ,54 
BEAUMONT,JEFFERSON,FM 365,093202054,4/24/2017,"$1,196,548.36","$294,686.18 ","$1,409,142.48","($82,092.06)",68 ,55 ,142 ,19 
BEAUMONT,JEFFERSON,FM 1406,132401020,5/10/2017,"$994,488.34","$197,639.59 ","$1,158,044.08","($34,083.85)",63 ,31 ,159 ,65 
BEAUMONT,LIBERTY,US 90,002803102,3/14/2017,"$235,193.50","$31,058.37 ","$267,152.03",$900.16 ,63 ,15 ,78 ,0 
BEAUMONT,LIBERTY,US 90,002804073,3/14/2017,"$969,508.60","$7,835.52 ","$1,016,320.54","$38,976.42 ",30 ,0 ,29 ,(1)
BEAUMONT,LIBERTY,SH 146,038803078,5/2/2017,"$2,077,818.82","($140,873.25)","$1,893,497.65","($43,447.92)",56 ,0 ,48 ,(8)
BEAUMONT,LIBERTY,FM 770,109602050,5/3/2017,"$1,023,264.24","$7,340.00 ","$1,000,094.32","($30,509.92)",75 ,0 ,61 ,(14)
BEAUMONT,LIBERTY,FM 1413,142101024,5/23/2017,"$2,173,548.35","$367,080.87 ","$2,397,913.48","($142,715.74)",120 ,28 ,173 ,25 
BEAUMONT,NEWTON,SH 63,021403031,6/5/2017,"$2,980,474.58","$59,042.22 ","$3,001,404.09","($38,112.71)",73 ,12 ,85 ,0 
BEAUMONT,NEWTON,FM 2460,194901016,6/28/2017,"$1,301,346.31","$41,876.84 ","$1,270,743.26","($72,479.89)",159 ,4 ,134 ,(29)
BEAUMONT,ORANGE,FM 1130,128401070,4/11/2017,"$2,917,601.83","$25,267.34 ","$3,108,424.34","$165,555.17 ",90 ,0 ,115 ,25 
BEAUMONT,TYLER,US 69,020007052,3/29/2017,"$188,509.25","($2,919.00)","$189,794.25","$4,204.00 ",41 ,0 ,30 ,(11)
BEAUMONT,TYLER,FM 92,070301059,7/7/2017,"$462,723.66","$60,989.50 ","$527,503.13","$3,789.97 ",83 ,40 ,126 ,3 
BROWNWOOD,BROWN,CR,092306056,8/16/2017,"$1,019,914.95",$0.00 ,"$1,017,266.25","($2,648.70)",143 ,0 ,147 ,4 
BROWNWOOD,BROWN,CR,092306071,7/27/2017,"$1,281,509.97","$49,690.66 ","$1,354,065.94","$22,865.31 ",183 ,17 ,190 ,(10)
BROWNWOOD,EASTLAND,IH 20,000704113,3/23/2017,"$278,879.60","$24,612.40 ","$296,278.00","($7,214.00)",50 ,0 ,45 ,(5)
BROWNWOOD,EASTLAND,FM 8,055001026,3/23/2017,"$1,189,721.30","$98,600.14 ","$1,300,886.32","$12,564.88 ",80 ,52 ,109 ,(23)
BROWNWOOD,EASTLAND,FM 2461,071405020,8/18/2017,"$2,442,864.61","$32,632.85 ","$2,598,234.92","$122,737.46 ",238 ,18 ,304 ,48 
BROWNWOOD,SAN SABA,CR,092325020,8/18/2017,"$968,110.80","$57,980.30 ","$1,048,730.40","$22,639.30 ",102 ,10 ,155 ,43 
BRYAN,BRAZOS,BS 6-R,004909068,5/24/2017,"$8,448,979.14","($746,600.79)","$7,467,547.49","($234,830.86)",51 ,0 ,60 ,9 
BRYAN,FREESTONE,,016603031,4/18/2017,"$9,728,740.00","($248,404.85)","$9,090,977.95","($389,357.20)",52 ,3 ,71 ,16 
BRYAN,FREESTONE,CR,091720038,3/13/2017,"$490,735.18","$1,000.00 ","$483,015.75","($8,719.43)",70 ,0 ,69 ,(1)
BRYAN,GRIMES,CR,091717058,8/8/2017,"$417,154.55",$0.00 ,"$412,191.68","($4,962.87)",80 ,0 ,78 ,(2)
BRYAN,GRIMES,CR,091717062,7/28/2017,"$553,516.53","$2,309.36 ","$557,351.73","$1,525.84 ",111 ,0 ,109 ,(2)
BRYAN,LEON,CR,091716034,7/31/2017,"$357,813.60","$11,710.89 ","$345,121.21","($24,403.28)",78 ,0 ,74 ,(4)
BRYAN,MADISON,IH 45,067505082,5/8/2017,"$3,642,170.65","($30,601.74)","$3,642,800.85","$31,231.94 ",126 ,0 ,124 ,(2)
BRYAN,WALKER,FM 1791,170601025,5/8/2017,"$3,187,515.87","($176,061.31)","$2,978,805.80","($32,648.76)",328 ,0 ,232 ,(96)
CHILDRESS,CHILDRESS,US 287,004301078,6/23/2017,"$9,914,945.70",$0.00 ,"$9,862,477.10","($52,468.60)",218 ,0 ,218 ,0 
CHILDRESS,CHILDRESS,VA,092500065,7/21/2017,"$799,497.50","$123,214.50 ","$894,303.76","($28,408.24)",60 ,0 ,38 ,(22)
CHILDRESS,COLLINGSWORTH,US 83,003102028,6/23/2017,"$355,317.13","($5,406.75)","$371,600.78","$21,690.40 ",23 ,0 ,13 ,(10)
CHILDRESS,COLLINGSWORTH,FM 1547,079707030,6/23/2017,"$1,184,684.00",$0.00 ,"$1,271,053.50","$86,369.50 ",85 ,0 ,96 ,11 
CHILDRESS,DONLEY,US 287,004207068,7/21/2017,"$3,887,167.58",$0.00 ,"$3,724,238.38","($162,929.20)",72 ,0 ,44 ,(28)
CHILDRESS,WHEELER,FM 48,048901020,8/16/2017,"$5,491,233.54","$448,311.06 ","$5,937,352.88","($2,191.72)",108 ,33 ,157 ,16 
CORPUS CHRISTI,BEE,FM 2441,073805013,8/18/2017,"$4,303,827.65","$469,090.22 ","$4,873,213.18","$100,295.31 ",153 ,33 ,182 ,(4)
CORPUS CHRISTI,GOLIAD,SH 239,051602025,7/10/2017,"$5,936,471.36","$75,295.75 ","$5,868,734.13","($143,032.98)",135 ,21 ,156 ,0 
CORPUS CHRISTI,JIM WELLS,FM 70,108801022,8/18/2017,"$4,764,522.78","$125,098.25 ","$4,825,174.51","($64,446.52)",170 ,37 ,207 ,0 
CORPUS CHRISTI,KARNES,SH 72,027007029,5/10/2017,"$16,740,118.87","$389,358.58 ","$17,332,793.49","$203,316.04 ",228 ,13 ,241 ,0 
CORPUS CHRISTI,KLEBERG,FM 1717,184501022,3/21/2017,"$1,459,783.35","$75,752.41 ","$1,509,341.13","($26,194.63)",82 ,9 ,82 ,(9)
CORPUS CHRISTI,LIVE OAK,IH 37,007307060,7/27/2017,"$6,295,218.90","$86,906.13 ","$7,625,495.03","$1,243,370.00 ",136 ,27 ,163 ,0 
CORPUS CHRISTI,LIVE OAK,IH 37,007402070,7/17/2017,"$7,901,610.43","$427,990.27 ","$8,696,744.10","$367,143.40 ",170 ,126 ,329 ,33 
CORPUS CHRISTI,NUECES,SH 44,010215002,3/23/2017,"$1,821,533.80","$14,000.00 ","$1,871,456.34","$35,922.54 ",85 ,0 ,60 ,(25)
CORPUS CHRISTI,NUECES,VA,091600079,4/19/2017,"$1,792,916.93","$24,694.59 ","$1,910,652.72","$93,041.20 ",120 ,10 ,130 ,0 
CORPUS CHRISTI,REFUGIO,US 183,015505039,7/17/2017,"$6,324,506.65","$50,335.74 ","$6,354,826.28","($20,016.11)",153 ,0 ,128 ,(25)
CORPUS CHRISTI,REFUGIO,SH 239,035001016,3/29/2017,"$179,857.83",$0.00 ,"$179,857.84",$0.01 ,25 ,0 ,16 ,(9)
CORPUS CHRISTI,SAN PATRICIO,US 181,010103087,3/29/2017,"$1,972,141.73",$0.00 ,"$2,076,819.10","$104,677.37 ",68 ,0 ,40 ,(28)
CORPUS CHRISTI,SAN PATRICIO,US 181,010105035,4/26/2017,"$5,293,778.15","$141,287.79 ","$5,456,264.61","$21,198.67 ",119 ,9 ,115 ,(13)
CORPUS CHRISTI,SAN PATRICIO,FM 1069,154903017,7/24/2017,"$5,913,903.69","$394,008.51 ","$6,472,437.84","$164,525.64 ",187 ,29 ,210 ,(6)
DALLAS,COLLIN,US 75,004706157,3/23/2017,"$1,527,421.35","$18,560.50 ","$1,488,299.15","($57,682.70)",169 ,0 ,162 ,(7)
DALLAS,COLLIN,US 380,013502044,6/28/2017,"$17,277,016.92","$158,717.35 ","$17,378,828.10","($56,906.17)",380 ,80 ,460 ,0 
DALLAS,COLLIN,US 380,013505025,5/19/2017,"$18,186,687.10","$721,408.56 ","$19,155,692.12","$247,596.46 ",551 ,266 ,817 ,0 
DALLAS,COLLIN,SH 78,028101030,6/20/2017,"$24,832,811.16","$2,491,260.33 ","$26,791,783.92","($532,287.57)",630 ,227 ,857 ,0 
DALLAS,COLLIN,FM 6,061901023,4/14/2017,"$3,493,547.40","$37,479.22 ","$3,466,707.32","($64,319.30)",292 ,0 ,246 ,(46)
DALLAS,COLLIN,FM 455,081604054,6/28/2017,"$3,866,001.55","$8,092.08 ","$3,564,503.35","($309,590.28)",188 ,0 ,179 ,(9)
DALLAS,COLLIN,FM 1378,139201035,6/20/2017,"$1,788,995.73","$47,071.71 ","$1,900,274.71","$64,207.27 ",300 ,10 ,310 ,0 
DALLAS,DALLAS,US 75,004707206,4/26/2017,"$991,603.70","$115,303.61 ","$1,088,525.51","($18,381.80)",126 ,56 ,182 ,0 
DALLAS,DALLAS,US 75,004707231,8/1/2017,"$754,480.04","$6,019.78 ","$789,670.57","$29,170.75 ",52 ,1 ,33 ,(20)
DALLAS,DALLAS,SH 289,009106058,3/27/2017,"$2,360,163.24","$73,552.85 ","$2,267,216.13","($166,499.96)",105 ,46 ,146 ,(5)
DALLAS,DALLAS,SS 482,009403118,8/21/2017,"$1,154,670.50","$120,373.05 ","$1,302,052.16","$27,008.61 ",72 ,0 ,71 ,(1)
DALLAS,DALLAS,VA,091800185,3/31/2017,"$1,297,700.00",$0.00 ,"$1,246,584.92","($51,115.08)",346 ,0 ,343 ,(3)
DALLAS,DALLAS,CS,091845791,8/28/2017,"$1,305,085.00",$0.00 ,"$1,245,327.14","($59,757.86)",247 ,0 ,220 ,(27)
DALLAS,DALLAS,CS,091847101,5/19/2017,"$802,955.85",$331.71 ,"$780,724.01","($22,563.55)",140 ,0 ,158 ,18 
DALLAS,DALLAS,IH 30,106804147,8/29/2017,"$63,081,770.23","$4,174,895.53 ","$66,561,742.72","($694,923.04)",728 ,232 ,960 ,0 
DALLAS,DALLAS,IH 635,237402124,3/8/2017,"$7,718,650.04","$2,101,441.03 ","$9,975,071.33","$154,980.26 ",459 ,255 ,714 ,0 
DALLAS,DALLAS,IH 635,237402136,3/27/2017,"$6,594,770.84","$12,764.85 ","$6,673,100.38","$65,564.69 ",240 ,0 ,237 ,(3)
DALLAS,DENTON,US 377,008104040,6/20/2017,"$323,544.00","$8,957.54 ","$318,325.88","($14,175.66)",95 ,0 ,95 ,0 
DALLAS,DENTON,FM 51,031202016,6/20/2017,"$2,575,804.40","$35,870.00 ","$2,594,461.31","($17,213.09)",316 ,0 ,315 ,(1)
DALLAS,DENTON,SH 114,035302075,5/10/2017,"$693,594.00","($46,733.83)","$499,700.17","($147,160.00)",87 ,0 ,11 ,(76)
DALLAS,DENTON,FM 455,081602053,4/4/2017,"$3,335,495.20","$47,063.26 ","$3,357,283.89","($25,274.57)",193 ,35 ,254 ,26 
DALLAS,DENTON,PW,091846269,7/25/2017,"$1,587,178.55","$407,433.32 ","$2,029,186.66","$34,574.79 ",91 ,0 ,63 ,(28)
DALLAS,DENTON,FM 720,156701029,5/23/2017,"$54,321,262.70","$5,341,376.36 ","$58,934,113.62","($728,525.44)",577 ,197 ,774 ,0 
DALLAS,DENTON,FM 2181,205402016,5/22/2017,"$23,602,199.11","$684,987.56 ","$23,768,981.58","($518,205.09)",416 ,52 ,639 ,171 
DALLAS,DENTON,LP 288,225002016,4/3/2017,"$3,653,118.00","$44,040.67 ","$3,689,398.32","($7,760.35)",210 ,48 ,266 ,8 
DALLAS,ELLIS,CR,091822086,7/10/2017,"$934,144.91","$7,860.71 ","$875,240.76","($66,764.86)",129 ,51 ,201 ,21 
DALLAS,ELLIS,FM 55,145101023,5/25/2017,"$4,975,101.65","($104,505.99)","$4,781,801.00","($88,794.66)",215 ,64 ,279 ,0 
DALLAS,KAUFMAN,US 175,019703071,5/19/2017,"$1,913,970.30",$847.51 ,"$1,833,355.59","($81,462.22)",122 ,0 ,43 ,(79)
DALLAS,KAUFMAN,FM 741,109201017,6/20/2017,"$4,550,316.17","$213,918.93 ","$4,632,051.83","($132,183.27)",187 ,0 ,277 ,90 
DALLAS,KAUFMAN,FM 1565,149402008,4/14/2017,"$1,652,146.22","$69,194.09 ","$1,601,099.05","($120,241.26)",159 ,6 ,195 ,30 
DALLAS,KAUFMAN,FM 2728,251201011,8/4/2017,"$9,419,882.39","$667,204.00 ","$10,087,586.98",$500.59 ,246 ,57 ,303 ,0 
DALLAS,KAUFMAN,FM 148,314601006,6/20/2017,"$3,178,556.05","$102,966.86 ","$3,063,411.57","($218,111.34)",192 ,13 ,215 ,10 
DALLAS,NAVARRO,SH 22,012104026,3/14/2017,"$6,426,065.65","$243,027.27 ","$6,928,967.02","$259,874.10 ",115 ,0 ,114 ,(1)
DALLAS,ROCKWALL,FM 551,101601027,6/27/2017,"$5,349,450.72","($71,341.11)","$5,237,942.04","($40,167.57)",126 ,94 ,220 ,0 
EL PASO,BREWSTER,VA,092435022,7/17/2017,"$202,104.08",$0.00 ,"$194,703.82","($7,400.26)",60 ,0 ,34 ,(26)
EL PASO,BREWSTER,FM 1703,269401008,5/31/2017,"$1,323,354.80","($41,847.55)","$1,273,641.55","($7,865.70)",80 ,0 ,80 ,0 
EL PASO,CULBERSON,IH 10,000302039,8/31/2017,"$12,874,699.15","$4,764,407.99 ","$20,104,811.43","$2,465,704.29 ",160 ,103 ,237 ,(26)
EL PASO,CULBERSON,US 62,023301045,6/23/2017,"$6,441,134.87","$1,471,791.12 ","$9,012,190.75","$1,099,264.76 ",60 ,118 ,152 ,(26)
EL PASO,EL PASO,SH 20,000101058,3/15/2017,"$1,133,585.95","($1,149.50)","$1,132,431.20",($5.25),60 ,40 ,140 ,40 
EL PASO,EL PASO,BU 54-A,016702058,6/27/2017,"$570,813.35","($21,464.38)","$566,487.67","$17,138.70 ",20 ,0 ,20 ,0 
EL PASO,EL PASO,IH 10,212102151,7/17/2017,"$7,584,729.54","$1,318,480.93 ","$9,063,168.46","$159,957.99 ",161 ,100 ,261 ,0 
EL PASO,EL PASO,IH 10,212104092,3/27/2017,"$24,887,784.28","$390,535.05 ","$25,214,538.23","($63,781.10)",360 ,60 ,420 ,0 
EL PASO,EL PASO,IH 10,212104093,5/31/2017,"$31,489,367.95","$1,229,804.24 ","$33,286,180.84","$567,008.65 ",519 ,0 ,436 ,(83)
EL PASO,EL PASO,FM 2529,232601023,3/15/2017,"$1,526,309.97","$254,011.43 ","$1,824,260.39","$43,938.99 ",60 ,0 ,60 ,0 
EL PASO,EL PASO,LP 375,255201033,7/17/2017,"$61,272,749.63","$8,713,885.63 ","$70,291,092.15","$304,456.89 ",696 ,25 ,705 ,(16)
EL PASO,EL PASO,SL 375,255203057,6/15/2017,"$323,840.10","$10,866.22 ","$393,543.08","$58,836.76 ",100 ,0 ,81 ,(19)
EL PASO,EL PASO,MH,805624001,5/30/2017,"$7,505,306.00","$3,585,049.21 ","$11,082,597.66","($7,757.55)",290 ,151 ,438 ,(3)
EL PASO,JEFF DAVIS,IH 10,000304051,8/31/2017,"$563,630.00","$3,975.04 ","$584,914.84","$17,309.80 ",80 ,0 ,75 ,(5)
FORT WORTH,ERATH,US 67,007908003,7/19/2017,"$12,608,803.66","$27,530.97 ","$13,097,988.33","$461,653.70 ",380 ,108 ,466 ,(22)
FORT WORTH,ERATH,SH 108,034304042,8/15/2017,"$75,144.00","($8,333.52)","$59,205.56","($7,604.92)",16 ,0 ,17 ,1 
FORT WORTH,HOOD,US 377,008003054,8/23/2017,"$4,079,052.20","$40,821.55 ","$4,187,715.48","$67,841.73 ",39 ,12 ,49 ,(2)
FORT WORTH,HOOD,FM 2580,160103014,8/30/2017,"$1,468,973.71","($17,817.65)","$1,458,705.18","$7,549.12 ",147 ,0 ,62 ,(85)
FORT WORTH,JOHNSON,IH 35W,001404080,5/2/2017,"$243,825.00",$0.00 ,"$252,921.00","$9,096.00 ",30 ,0 ,17 ,(13)
FORT WORTH,JOHNSON,IH 35W,001422031,3/13/2017,"$1,323,249.06","$119,375.51 ","$1,623,822.73","$181,198.16 ",51 ,53 ,187 ,83 
FORT WORTH,JOHNSON,BU 67-M,042203073,3/13/2017,"$1,839,574.05","($47,174.30)","$1,686,483.71","($105,916.04)",107 ,0 ,29 ,(78)
FORT WORTH,JOHNSON,FM 917,118103030,4/18/2017,"$919,633.64","($176,454.75)","$718,872.86","($24,306.03)",43 ,0 ,38 ,(5)
FORT WORTH,JOHNSON,FM 917,118104044,7/27/2017,"$470,738.12","($72,763.02)","$438,807.21","$40,832.11 ",90 ,0 ,15 ,(75)
FORT WORTH,PALO PINTO,US 281,025002039,6/21/2017,"$5,829,658.60","$9,064.24 ","$5,919,397.33","$80,674.49 ",273 ,0 ,256 ,(17)
FORT WORTH,PARKER,IH 20,031401077,8/9/2017,"$1,309,705.35","$99,664.08 ","$1,327,220.28","($82,149.15)",148 ,0 ,259 ,111 
FORT WORTH,PARKER,IH 20,031401081,3/22/2017,"$8,460,305.70","$133,740.99 ","$8,555,370.98","($38,675.71)",88 ,0 ,145 ,57 
FORT WORTH,PARKER,CR,090238076,7/10/2017,"$1,379,496.35",$0.00 ,"$1,428,396.43","$48,900.08 ",191 ,14 ,205 ,0 
FORT WORTH,PARKER,IH 30,106805009,3/23/2017,"$14,593,117.40","$439,540.36 ","$15,155,018.40","$122,360.64 ",225 ,257 ,482 ,0 
FORT WORTH,PARKER,FM 730,160101029,5/18/2017,"$4,868,689.67","$384,310.65 ","$5,318,091.82","$65,091.50 ",108 ,20 ,118 ,(10)
FORT WORTH,PARKER,FM 3028,293002011,8/9/2017,"$1,561,559.71","$2,000.00 ","$1,586,300.75","$22,741.04 ",130 ,32 ,207 ,45 
FORT WORTH,TARRANT,IH 820,000813229,8/15/2017,"$675,364.70","$841,818.72 ","$1,627,227.58","$110,044.16 ",76 ,18 ,94 ,0 
FORT WORTH,TARRANT,BU 287P,001310070,4/12/2017,"$823,422.85","$261,544.79 ","$1,158,046.73","$73,079.09 ",69 ,115 ,184 ,0 
FORT WORTH,TARRANT,SH 26,036406011,5/23/2017,"$1,549,096.84","($124,241.87)","$1,404,775.19","($20,079.78)",179 ,349 ,528 ,0 
FORT WORTH,TARRANT,SH 121,050402022,5/26/2017,"$116,646,468.88","($332,253.94)","$113,977,752.80","($2,336,462.14)",896 ,187 ,"1,561 ",478 
FORT WORTH,TARRANT,VA,090200131,3/22/2017,"$1,587,885.00","($42,754.27)","$1,889,430.67","$344,299.94 ",365 ,140 ,505 ,0 
FORT WORTH,TARRANT,VA,090200139,6/6/2017,"$317,349.10","$9,847.45 ","$326,940.60",($255.95),107 ,0 ,94 ,(13)
FORT WORTH,TARRANT,VA,090200151,6/26/2017,"$1,707,025.00","$55,861.67 ","$1,849,787.14","$86,900.47 ",365 ,0 ,359 ,(6)
FORT WORTH,TARRANT,VA,090290015,5/4/2017,"$507,882.63","$10,272.37 ","$529,260.38","$11,105.38 ",62 ,5 ,65 ,(2)
FORT WORTH,TARRANT,RM 2871,285501021,5/10/2017,"$2,072,283.33","$378,188.68 ","$2,501,318.02","$50,846.01 ",167 ,17 ,184 ,0 
FORT WORTH,WISE,VA,090220109,5/12/2017,"$5,019,768.07","$369,523.35 ","$5,316,847.77","($72,443.65)",196 ,59 ,255 ,0 
FORT WORTH,WISE,FM 2264,131003025,4/10/2017,"$3,983,917.91","$348,263.80 ","$4,451,255.98","$119,074.27 ",200 ,86 ,286 ,0 
FORT WORTH,WISE,FM 730,229201032,6/23/2017,"$288,012.40",$0.00 ,"$298,483.51","$10,471.11 ",43 ,0 ,43 ,0 
HOUSTON,BRAZORIA,SH 288,011108120,6/15/2017,"$651,061.55",$0.00 ,"$679,189.30","$28,127.75 ",90 ,0 ,75 ,(15)
HOUSTON,BRAZORIA,SH 35,017802055,5/30/2017,"$21,717,321.24","$2,777,776.30 ","$24,330,867.56","($164,229.98)",789 ,437 ,"1,216 ",(10)
HOUSTON,BRAZORIA,SH 35,017802086,4/3/2017,"$573,748.20","$62,062.37 ","$600,423.22","($35,387.35)",46 ,0 ,38 ,(8)
HOUSTON,BRAZORIA,SH 35,017803152,5/22/2017,"$2,129,904.80",$0.00 ,"$2,114,321.48","($15,583.32)",80 ,0 ,74 ,(6)
HOUSTON,BRAZORIA,FM 521,084702015,4/5/2017,"$1,597,257.65","$6,261.00 ","$1,708,795.15","$105,276.50 ",45 ,0 ,41 ,(4)
HOUSTON,BRAZORIA,CS,091231203,6/19/2017,"$2,748,072.00","$16,684.93 ","$2,740,074.30","($24,682.63)",270 ,0 ,305 ,35 
HOUSTON,BRAZORIA,CR,091231222,6/7/2017,"$435,258.40","$5,398.91 ","$447,676.92","$7,019.61 ",54 ,0 ,58 ,4 
HOUSTON,BRAZORIA,CS,091231237,6/8/2017,"$766,156.52","$16,306.07 ","$750,064.91","($32,397.68)",113 ,42 ,135 ,(20)
HOUSTON,BRAZORIA,CR,091231265,3/31/2017,"$448,817.82","$32,174.14 ","$450,411.85","($30,580.11)",70 ,0 ,98 ,28 
HOUSTON,BRAZORIA,CS,091231270,6/13/2017,"$4,837,804.77","$471,140.09 ","$5,312,902.07","$3,957.21 ",300 ,56 ,344 ,(12)
HOUSTON,BRAZORIA,CR,091231282,5/30/2017,"$1,423,278.90","$121,590.84 ","$1,558,531.54","$13,661.80 ",84 ,12 ,93 ,(3)
HOUSTON,BRAZORIA,CR,091231294,8/7/2017,"$12,154,201.39","$519,364.19 ","$12,818,674.88","$145,109.30 ",357 ,5 ,333 ,(29)
HOUSTON,BRAZORIA,FM 523,100301091,4/25/2017,"$7,475,838.93","$336,477.74 ","$8,083,615.54","$271,298.87 ",112 ,12 ,124 ,0 
HOUSTON,BRAZORIA,SH 332,152401078,4/20/2017,"$3,739,396.97",$0.00 ,"$3,911,873.47","$172,476.50 ",140 ,0 ,129 ,(11)
HOUSTON,FORT BEND,US 90A,002708172,8/21/2017,"$2,933,336.32","($62,915.86)","$3,169,257.02","$298,836.56 ",120 ,0 ,109 ,(11)
HOUSTON,FORT BEND,US 59,002712134,4/7/2017,"$696,610.90","$110,909.90 ","$774,664.99","($32,855.81)",375 ,90 ,457 ,(8)
HOUSTON,FORT BEND,SP 10,018705050,8/22/2017,"$19,773,719.85","$2,787,893.33 ","$22,820,444.28","$258,831.10 ",386 ,74 ,446 ,(14)
HOUSTON,FORT BEND,IH 10,027105037,8/22/2017,"$10,742,564.74","$1,114,328.86 ","$11,982,555.09","$125,661.49 ",178 ,101 ,339 ,60 
HOUSTON,GALVESTON,SH 6,019204104,3/7/2017,"$3,198,543.72","$318,640.42 ","$3,722,730.30","$205,546.16 ",45 ,3 ,44 ,(4)
HOUSTON,GALVESTON,SH 124,036702081,4/26/2017,"$1,137,775.00",$0.00 ,"$1,113,593.45","($24,181.55)",45 ,0 ,45 ,0 
HOUSTON,GALVESTON,SH 146,038906103,8/10/2017,"$369,995.94",$821.99 ,"$366,788.70","($4,029.23)",63 ,0 ,62 ,(1)
HOUSTON,GALVESTON,IH 45,050001143,8/24/2017,"$259,722.30",$0.00 ,"$267,730.71","$8,008.41 ",48 ,0 ,40 ,(8)
HOUSTON,GALVESTON,IH 45,050004126,5/26/2017,"$4,689,018.60","$1,233,497.15 ","$5,805,960.95","($116,554.80)",60 ,19 ,87 ,8 
HOUSTON,GALVESTON,IH 45,050004129,4/28/2017,"$4,920,504.92","$1,316,731.02 ","$6,350,095.82","$112,859.88 ",60 ,15 ,85 ,10 
HOUSTON,GALVESTON,VA,091273203,7/17/2017,"$1,529,400.00","$621,381.33 ","$2,150,781.33",$0.00 ,180 ,155 ,330 ,(5)
HOUSTON,GALVESTON,FM 517,097802076,8/11/2017,"$617,038.32","($51,531.66)","$573,037.66","$7,531.00 ",60 ,0 ,33 ,(27)
HOUSTON,HARRIS,US 90A,002709100,6/14/2017,"$1,190,807.20","$123,948.97 ","$1,301,878.12","($12,878.05)",225 ,0 ,206 ,(19)
HOUSTON,HARRIS,US 90,002802089,6/15/2017,"$111,111.11",$0.00 ,"$116,943.56","$5,832.45 ",28 ,0 ,22 ,(6)
HOUSTON,HARRIS,US 290,005008091,8/9/2017,"$446,813.33","$122,614.29 ","$581,206.30","$11,778.68 ",108 ,0 ,95 ,(13)
HOUSTON,HARRIS,IH 45,011005119,8/3/2017,"$2,603,483.83","$559,789.93 ","$3,511,862.03","$348,588.27 ",89 ,56 ,129 ,(16)
HOUSTON,HARRIS,IH 10,027107292,8/14/2017,"$3,594,471.43","$545,491.63 ","$4,096,926.05","($43,037.01)",156 ,0 ,156 ,0 
HOUSTON,HARRIS,IH 10,027107304,7/3/2017,"$2,096,611.52","$265,380.34 ","$2,215,397.93","($146,593.93)",186 ,0 ,183 ,(3)
HOUSTON,HARRIS,IH 610,027115086,3/14/2017,"$4,114,146.51","($632,525.61)","$3,635,071.09","$153,450.19 ",210 ,7 ,215 ,(2)
HOUSTON,HARRIS,IH 45,050003586,8/24/2017,"$3,918,000.00","$1,767,051.66 ","$5,884,410.41","$199,358.75 ",336 ,0 ,243 ,(93)
HOUSTON,HARRIS,IH 10,050801350,6/14/2017,"$428,325.12","$82,967.59 ","$492,962.51","($18,330.20)",108 ,0 ,70 ,(38)
HOUSTON,HARRIS,VA,091200385,6/14/2017,"$911,168.15","$85,757.90 ","$1,198,840.83","$201,914.78 ",270 ,0 ,182 ,(88)
HOUSTON,HARRIS,VA,091200417,4/7/2017,"$859,065.05","$213,436.97 ","$1,106,078.81","$33,576.79 ",220 ,24 ,213 ,(31)
HOUSTON,HARRIS,VA,091200440,5/25/2017,"$772,662.59","($21,420.00)","$873,562.59","$122,320.00 ",135 ,0 ,129 ,(6)
HOUSTON,HARRIS,VA,091200441,4/7/2017,"$1,210,347.90",$0.00 ,"$1,196,046.65","($14,301.25)",500 ,0 ,141 ,(359)
HOUSTON,HARRIS,VA,091200484,6/14/2017,"$557,849.99",$0.00 ,"$615,497.43","$57,647.44 ",94 ,0 ,103 ,9 
HOUSTON,HARRIS,CR,091271797,6/7/2017,"$1,424,412.70","($30,696.22)","$1,386,274.65","($7,441.83)",89 ,42 ,170 ,39 
HOUSTON,HARRIS,CR,091271894,5/23/2017,"$10,341,416.18","$933,530.63 ","$11,178,954.80","($95,992.01)",250 ,66 ,316 ,0 
HOUSTON,HARRIS,CS,091272063,5/10/2017,"$1,096,120.32","$82,376.25 ","$1,171,585.71","($6,910.86)",150 ,35 ,185 ,0 
HOUSTON,HARRIS,CS,091272184,8/22/2017,"$3,942,248.80","$467,464.19 ","$4,392,489.08","($17,223.91)",312 ,30 ,309 ,(33)
HOUSTON,HARRIS,CS,091272230,5/26/2017,"$2,825,133.25","$332,030.36 ","$3,327,317.13","$170,153.52 ",401 ,0 ,242 ,(159)
HOUSTON,HARRIS,VA,091272287,3/28/2017,"$2,475,888.05","$190,510.64 ","$2,508,038.35","($158,360.34)",225 ,85 ,310 ,0 
HOUSTON,HARRIS,VA,091272294,8/11/2017,"$1,678,207.72",$0.00 ,"$1,781,088.57","$102,880.85 ",190 ,0 ,185 ,(5)
HOUSTON,HARRIS,FM 529,100601059,3/14/2017,"$7,690,213.53","$696,173.73 ","$8,449,345.44","$62,958.18 ",322 ,28 ,350 ,0 
HOUSTON,HARRIS,FM 1960,168503088,7/31/2017,"$6,636,000.51","$74,383.29 ","$6,964,968.52","$254,584.72 ",78 ,0 ,75 ,(3)
HOUSTON,HARRIS,FM 1960,168503096,5/17/2017,"$191,207.77","$76,766.50 ","$231,759.66","($36,214.61)",42 ,0 ,30 ,(12)
HOUSTON,HARRIS,FM 1876,174301009,3/10/2017,"$1,214,435.35","($41,518.01)","$1,172,387.24",($530.10),28 ,0 ,28 ,0 
HOUSTON,HARRIS,FM 1942,181201021,8/3/2017,"$948,590.00","$37,789.68 ","$1,027,450.93","$41,071.25 ",45 ,30 ,42 ,(33)
HOUSTON,HARRIS,FM 2920,294101021,7/24/2017,"$3,074,858.52","$51,500.00 ","$3,251,142.68","$124,784.16 ",167 ,0 ,166 ,(1)
HOUSTON,HARRIS,SL 8,325601102,4/18/2017,"$611,048.35","$27,845.93 ","$661,422.74","$22,528.46 ",134 ,0 ,102 ,(32)
HOUSTON,HARRIS,SL 8,325602091,4/25/2017,"$596,804.70","$5,629.16 ","$602,523.32",$89.46 ,15 ,0 ,3 ,(12)
HOUSTON,HARRIS,BW 8,325604061,7/11/2017,"$10,329,185.49","$321,875.84 ","$10,609,141.57","($41,919.76)",282 ,5 ,306 ,19 
HOUSTON,MONTGOMERY,SH 105,033802042,7/27/2017,"$3,979,077.24","($246,941.88)","$3,801,530.44","$69,395.08 ",107 ,0 ,81 ,(26)
HOUSTON,MONTGOMERY,IH 45,067508108,8/25/2017,"$1,009,482.55","($30,112.68)","$1,055,335.87","$75,966.00 ",75 ,0 ,72 ,(3)
HOUSTON,MONTGOMERY,FM 149,072002083,5/25/2017,"$3,762,255.52","$482,986.66 ","$4,258,454.56","$13,212.38 ",220 ,0 ,210 ,(10)
HOUSTON,MONTGOMERY,CR,091237140,3/21/2017,"$2,496,548.44","$134,456.39 ","$2,585,631.62","($45,373.21)",78 ,59 ,179 ,42 
HOUSTON,MONTGOMERY,FM 1097,125901041,5/17/2017,"$238,826.40",$0.00 ,"$223,492.80","($15,333.60)",22 ,0 ,22 ,0 
HOUSTON,MONTGOMERY,FM 1375,140203011,4/20/2017,"$1,297,509.45","$81,574.73 ","$1,391,580.40","$12,496.22 ",55 ,0 ,48 ,(7)
HOUSTON,MONTGOMERY,SH 242,353801041,8/23/2017,"$3,635,039.14","($209,037.07)","$3,465,584.07","$39,582.00 ",87 ,0 ,65 ,(22)
HOUSTON,WALLER,IH 10,027104091,5/9/2017,"$4,962,242.32","$211,476.00 ","$5,424,995.28","$251,276.96 ",90 ,27 ,112 ,(5)
HOUSTON,WALLER,FM 362,052302046,6/15/2017,"$1,069,740.00","$187,500.00 ","$1,301,540.00","$44,300.00 ",180 ,0 ,57 ,(123)
LAREDO,DIMMIT,FM 1917,003715009,6/14/2017,"$527,358.79","($41,216.39)","$485,904.00",($238.40),24 ,0 ,21 ,(3)
LAREDO,DIMMIT,FM 1019,127001026,4/25/2017,"$3,036,840.44","$120,119.70 ","$3,065,472.72","($91,487.42)",119 ,0 ,119 ,0 
LAREDO,DUVAL,SH 44,023704013,8/25/2017,"$4,178,905.31","$221,103.69 ","$4,208,030.35","($191,978.65)",180 ,0 ,142 ,(38)
LAREDO,LA SALLE,IH 35,001708079,7/17/2017,"$3,430,660.25","$305,767.42 ","$3,664,910.96","($71,516.71)",129 ,60 ,274 ,85 
LAREDO,LA SALLE,IH 35,001801078,4/25/2017,"$2,087,043.78","$643,250.53 ","$3,204,849.81","$474,555.50 ",35 ,0 ,35 ,0 
LAREDO,LA SALLE,IH 35,001802067,8/21/2017,"$5,671,465.40","$55,222.25 ","$5,826,070.84","$99,383.19 ",70 ,18 ,88 ,0 
LAREDO,LA SALLE,SH 97,048301046,7/11/2017,"$2,157,787.20","$2,075.19 ","$2,182,724.10","$22,861.71 ",141 ,0 ,134 ,(7)
LAREDO,VAL VERDE,US 90,002301087,7/17/2017,"$5,319,276.01","$139,317.54 ","$5,507,005.28","$48,411.73 ",80 ,17 ,97 ,0 
LAREDO,WEBB,CR,092233113,5/16/2017,"$855,593.80",$0.00 ,"$837,245.80","($18,348.00)",129 ,0 ,127 ,(2)
LAREDO,WEBB,CR,092233157,7/18/2017,"$597,832.00",$340.00 ,"$574,350.00","($23,822.00)",68 ,0 ,67 ,(1)
LAREDO,WEBB,SH 44,202201013,5/16/2017,"$580,285.54","($60,727.88)","$510,878.33","($8,679.33)",94 ,0 ,64 ,(30)
LUBBOCK,BAILEY,FM 54,056302011,8/4/2017,"$5,673.00",$0.00 ,"$5,673.00",$0.00 ,7 ,0 ,2 ,(5)
LUBBOCK,COCHRAN,SH 125,096702017,7/28/2017,"$64,990.00",$0.00 ,"$81,104.92","$16,114.92 ",35 ,0 ,31 ,(4)
LUBBOCK,HOCKLEY,FM 597,087407006,4/26/2017,"$3,845,414.81",$0.00 ,"$3,604,436.47","($240,978.34)",139 ,0 ,177 ,38 
LUBBOCK,LUBBOCK,US 84,005207063,6/28/2017,"$8,608,105.16","($2,067.70)","$8,357,306.97","($248,730.49)",95 ,0 ,172 ,77 
LUBBOCK,LUBBOCK,SL 289,078302091,8/29/2017,"$74,935.00","$12,020.30 ","$77,237.73","($9,717.57)",30 ,5 ,12 ,(23)
LUBBOCK,LUBBOCK,VA,090500083,8/30/2017,"$2,141,840.00","($30,603.90)","$2,163,577.43","$52,341.33 ",190 ,10 ,207 ,7 
LUBBOCK,LUBBOCK,CS,090506090,8/22/2017,"$940,883.20",$0.00 ,"$955,480.99","$14,597.79 ",82 ,0 ,83 ,1 
LUBBOCK,LUBBOCK,FM 400,104102039,8/4/2017,"$2,349,749.83","$33,430.29 ","$2,239,781.94","($143,398.18)",90 ,3 ,132 ,39 
LUBBOCK,PARMER,US 70,005201040,7/26/2017,"$1,112,445.00","$510,833.65 ","$1,792,984.88","$169,706.23 ",23 ,10 ,33 ,0 
LUBBOCK,PARMER,US 70,005201041,6/28/2017,"$96,999.00",$0.00 ,"$96,999.00",$0.00 ,31 ,0 ,8 ,(23)
LUBBOCK,PARMER,US 60,016802030,7/13/2017,"$14,851,976.58","$60,352.88 ","$14,163,218.57","($749,110.89)",239 ,0 ,98 ,(141)
LUFKIN,ANGELINA,BU 59-G,017602094,5/18/2017,"$11,387,556.46","$49,636.23 ","$11,315,487.15","($121,705.54)",383 ,25 ,407 ,(1)
LUFKIN,ANGELINA,US 69,020002040,6/1/2017,"$359,054.46",$0.00 ,"$250,354.77","($108,699.69)",44 ,0 ,40 ,(4)
LUFKIN,ANGELINA,CR,091138070,7/6/2017,"$460,227.88",$0.00 ,"$462,129.47","$1,901.59 ",59 ,0 ,58 ,(1)
LUFKIN,HOUSTON,US 287,010904029,8/11/2017,"$1,611,863.00","$80,850.85 ","$1,764,385.97","$71,672.12 ",145 ,7 ,124 ,(28)
LUFKIN,HOUSTON,CR,091128036,8/28/2017,"$763,544.08",$147.96 ,"$746,643.69","($17,048.35)",88 ,5 ,93 ,0 
LUFKIN,NACOGDOCHES,BU 59-F,017508044,8/23/2017,"$58,317.00",$0.00 ,"$57,347.50",($969.50),15 ,0 ,14 ,(1)
LUFKIN,NACOGDOCHES,US 59,017601109,7/27/2017,"$2,458,818.05","($31,301.73)","$2,279,314.54","($148,201.78)",96 ,31 ,154 ,27 
LUFKIN,NACOGDOCHES,FM 1638,140702022,8/22/2017,"$1,142,152.76",$0.00 ,"$1,232,893.81","$90,741.05 ",86 ,0 ,84 ,(2)
LUFKIN,POLK,US 59,017605179,3/22/2017,"$89,789.50","$1,960.00 ","$91,455.00",($294.50),20 ,6 ,23 ,(3)
LUFKIN,POLK,US 190,021304046,7/27/2017,"$1,486,579.00","$2,487.08 ","$1,357,290.13","($131,775.95)",124 ,0 ,124 ,0 
LUFKIN,POLK,FM 62,065401026,4/24/2017,"$495,378.86",$0.00 ,"$482,202.88","($13,175.98)",65 ,0 ,75 ,10 
LUFKIN,POLK,FM 1988,187601030,8/28/2017,"$3,278,223.27",$0.00 ,"$3,184,870.56","($93,352.71)",188 ,10 ,217 ,19 
LUFKIN,SABINE,FM 1,006411014,6/29/2017,"$3,634,869.32","$92,393.70 ","$3,479,363.51","($247,899.51)",104 ,40 ,119 ,(25)
LUFKIN,SABINE,SH 21,011902020,6/13/2017,"$684,933.22",$0.00 ,"$615,965.01","($68,968.21)",23 ,14 ,56 ,19 
LUFKIN,SHELBY,CR,091139051,8/3/2017,"$844,617.77",$474.45 ,"$832,862.56","($12,229.66)",150 ,0 ,92 ,(58)
LUFKIN,TRINITY,US 287,031901062,4/13/2017,"$4,457,994.94","($64,053.95)","$4,474,989.45","$81,048.46 ",98 ,59 ,146 ,(11)
ODESSA,ECTOR,VA,090600170,7/26/2017,"$394,378.00","$79,357.18 ","$475,448.99","$1,713.81 ",60 ,15 ,69 ,(6)
ODESSA,ECTOR,VA,090600172,8/18/2017,"$464,333.00",$0.00 ,"$464,279.00",($54.00),91 ,0 ,24 ,(67)
ODESSA,MIDLAND,CS,090632049,3/10/2017,"$6,205,048.00","($128,138.43)","$6,212,016.66","$135,107.09 ",160 ,50 ,196 ,(14)
ODESSA,PECOS,SH 18,029206030,3/23/2017,"$598,976.15",$0.00 ,"$608,316.85","$9,340.70 ",60 ,0 ,47 ,(13)
ODESSA,REEVES,US 285,013905042,3/23/2017,"$974,937.20",$0.00 ,"$976,251.70","$1,314.50 ",260 ,0 ,177 ,(83)
ODESSA,UPTON,SH 349,038011023,8/23/2017,"$9,077,499.08","$204,613.05 ","$9,443,312.99","$161,200.86 ",165 ,28 ,193 ,0 
ODESSA,WARD,SS 57,000403048,5/19/2017,"$1,972,473.84","$133,561.11 ","$2,245,190.27","$139,155.32 ",160 ,30 ,192 ,2 
ODESSA,WINKLER,SH 302,046306027,5/9/2017,"$7,977,007.54",$0.00 ,"$8,011,164.36","$34,156.82 ",80 ,30 ,103 ,(7)
PARIS,GRAYSON,US 377,008110042,8/17/2017,"$8,437,785.27","$636,840.12 ","$8,573,997.91","($500,627.48)",70 ,0 ,80 ,10 
PARIS,HOPKINS,IH 30,000909101,6/5/2017,"$2,403,661.81","$11,412.55 ","$2,404,809.05","($10,265.31)",62 ,0 ,48 ,(14)
PARIS,HOPKINS,SH 19,040002048,4/17/2017,"$1,267,814.14","$3,500.00 ","$1,366,327.94","$95,013.80 ",48 ,18 ,62 ,(4)
PARIS,HOPKINS,SH 154,040101022,5/3/2017,"$6,591,501.97","$1,137,206.26 ","$8,144,084.92","$415,376.69 ",457 ,0 ,451 ,(6)
PARIS,HUNT,SH 34,017306044,7/20/2017,"$39,179.00","$2,907.00 ","$42,723.00",$637.00 ,14 ,0 ,13 ,(1)
PARIS,HUNT,FM 36,064203022,6/29/2017,"$2,623,426.36","$312,279.06 ","$2,970,035.28","$34,329.86 ",112 ,3 ,120 ,5 
PARIS,HUNT,FM 1570,069201017,4/26/2017,"$2,207,943.10","($89,104.48)","$2,344,371.61","$225,532.99 ",58 ,9 ,58 ,(9)
PARIS,HUNT,FM 118,172501011,7/20/2017,"$2,470,540.21","$17,595.28 ","$2,360,260.22","($127,875.27)",144 ,0 ,156 ,12 
PARIS,RAINS,US 69,020303044,4/18/2017,"$4,635,055.95","($27,986.52)","$4,424,468.13","($182,601.30)",159 ,0 ,183 ,24 
PARIS,RED RIVER,US 82,004601062,3/24/2017,"$795,946.99","($6,876.10)","$801,638.33","$12,567.44 ",66 ,6 ,98 ,26 
PARIS,RED RIVER,SH 37,018901007,5/16/2017,"$14,580,056.68","($129,049.12)","$14,342,080.04","($108,927.52)",495 ,4 ,501 ,2 
PARIS,RED RIVER,FM 3390,337101009,8/30/2017,"$298,222.05","$15,597.40 ","$319,161.50","$5,342.05 ",50 ,0 ,51 ,1 
PHARR,HIDALGO,BU 83-S,003903102,6/23/2017,"$961,180.60",$0.00 ,"$929,517.60","($31,663.00)",260 ,0 ,248 ,(12)
PHARR,HIDALGO,US 281,022001025,6/23/2017,"$4,739,753.21","$555,407.29 ","$6,347,768.54","$1,052,608.04 ",398 ,25 ,423 ,0 
PHARR,HIDALGO,SH 336,062101100,3/27/2017,"$1,846,323.45","($125,355.50)","$1,745,328.16","$24,360.21 ",160 ,0 ,113 ,(47)
PHARR,HIDALGO,CS,092102258,6/14/2017,"$2,667,755.20","$34,757.72 ","$2,716,672.87","$14,159.95 ",240 ,0 ,230 ,(10)
PHARR,HIDALGO,CS,092102316,4/10/2017,"$2,059,444.63","$6,423.60 ","$2,079,947.47","$14,079.24 ",175 ,0 ,171 ,(4)
PHARR,HIDALGO,VA,092102319,3/7/2017,"$1,475,632.37","$4,730.16 ","$1,421,414.05","($58,948.48)",200 ,1 ,185 ,(16)
PHARR,HIDALGO,VA,092102339,8/30/2017,"$1,398,543.35","$39,474.12 ","$1,418,711.79","($19,305.68)",199 ,0 ,199 ,0 
PHARR,HIDALGO,FM 2220,209401059,8/21/2017,"$1,601,730.75",$0.00 ,"$1,472,278.52","($129,452.23)",120 ,0 ,42 ,(78)
PHARR,WILLACY,SH 186,043304029,8/18/2017,"$266,493.54","$2,192.80 ","$272,874.82","$4,188.48 ",103 ,0 ,10 ,(93)
SAN ANGELO,GLASSCOCK,US 87,006902028,3/30/2017,"$15,257,441.66","$152,539.08 ","$15,984,044.00","$574,063.26 ",111 ,26 ,164 ,27 
SAN ANGELO,GLASSCOCK,SH 158,046304025,8/28/2017,"$8,716,678.75","$61,064.01 ","$9,669,872.99","$892,130.23 ",71 ,0 ,128 ,57 
SAN ANGELO,KIMBLE,US 83,003507044,6/1/2017,"$1,487,816.87","$38,284.78 ","$1,619,323.39","$93,221.74 ",80 ,35 ,133 ,18 
SAN ANGELO,STERLING,SH 158,040502024,7/31/2017,"$22,606,153.69","$1,082,346.97 ","$24,092,892.39","$404,391.73 ",535 ,51 ,695 ,109 
SAN ANGELO,TOM GREEN,US 67,007706090,6/27/2017,"$6,072,493.75","$89,135.00 ","$6,108,507.48","($53,121.27)",154 ,0 ,216 ,62 
SAN ANGELO,TOM GREEN,US 67,007706094,5/3/2017,"$8,069,634.10","$160,958.56 ","$7,883,537.77","($347,054.89)",127 ,0 ,163 ,36 
SAN ANGELO,TOM GREEN,VA,090700161,6/1/2017,"$1,275,751.00",$0.00 ,"$1,239,573.50","($36,177.50)",174 ,0 ,239 ,65 
SAN ANGELO,TOM GREEN,VA,090700166,6/1/2017,"$506,110.53","$85,378.86 ","$591,489.39",$0.00 ,49 ,10 ,29 ,(30)
SAN ANGELO,TOM GREEN,VA,090700168,3/30/2017,"$646,028.77","$55,075.59 ","$660,070.08","($41,034.28)",113 ,0 ,82 ,(31)
SAN ANTONIO,ATASCOSA,FM 536,100903014,4/19/2017,"$364,903.93","$11,677.58 ","$389,062.13","$12,480.62 ",64 ,1 ,62 ,(3)
SAN ANTONIO,BANDERA,FM 1283,173001040,8/17/2017,"$496,196.56",$0.00 ,"$476,175.54","($20,021.02)",60 ,0 ,60 ,0 
SAN ANTONIO,BEXAR,IH 10,002502201,7/31/2017,"$2,712,741.64","($154,810.52)","$2,593,200.53","$35,269.41 ",234 ,0 ,232 ,(2)
SAN ANTONIO,COMAL,BS 46-C,021502048,8/31/2017,"$11,041,649.54","($704,367.77)","$10,129,728.79","($207,552.98)",361 ,(24),366 ,29 
SAN ANTONIO,COMAL,SH 46,021507025,8/14/2017,"$2,086,418.25","$4,162.25 ","$2,151,051.50","$60,471.00 ",169 ,0 ,161 ,(8)
SAN ANTONIO,COMAL,US 281,025303068,8/14/2017,"$3,132,254.38","$970,313.54 ","$3,923,322.52","($179,245.40)",138 ,333 ,626 ,155 
SAN ANTONIO,FRIO,FM 1582,150001023,4/19/2017,"$8,831,027.88","$232,883.38 ","$9,336,983.01","$273,071.75 ",338 ,6 ,338 ,(6)
SAN ANTONIO,GUADALUPE,FM 78,002510073,4/19/2017,"$4,136,146.75","$590,719.44 ","$4,906,260.13","$179,393.94 ",203 ,0 ,202 ,(1)
SAN ANTONIO,KENDALL,IH 10,007206073,3/14/2017,"$6,910,844.46","$105,254.69 ","$7,136,271.59","$120,172.44 ",53 ,11 ,61 ,(3)
SAN ANTONIO,KENDALL,SH 46,021506038,5/19/2017,"$1,279,971.50","$46,781.58 ","$1,324,698.09","($2,054.99)",64 ,2 ,69 ,3 
SAN ANTONIO,KERR,SH 16,029102034,3/14/2017,"$2,985,558.94","$135,162.57 ","$3,124,721.50","$3,999.99 ",239 ,5 ,235 ,(9)
SAN ANTONIO,MC MULLEN,SH 72,048303033,4/27/2017,"$11,949,680.48","($84,399.07)","$11,905,878.04","$40,596.63 ",151 ,19 ,179 ,9 
SAN ANTONIO,MC MULLEN,VA,091551011,3/29/2017,"$454,942.12","$21,049.64 ","$415,297.23","($60,694.53)",77 ,0 ,142 ,65 
TYLER,ANDERSON,US 287,012204037,4/19/2017,"$10,343,177.55","($603,947.88)","$9,408,896.22","($330,333.45)",95 ,3 ,115 ,17 
TYLER,ANDERSON,CR,091008040,8/25/2017,"$817,412.15","$65,774.74 ","$841,950.42","($41,236.47)",177 ,0 ,177 ,0 
TYLER,ANDERSON,PW,091008063,6/12/2017,"$446,429.76","($31,083.20)","$410,550.23","($4,796.33)",62 ,10 ,80 ,8 
TYLER,CHEROKEE,US 69,019901081,7/24/2017,"$11,063,277.59","($645,418.20)","$10,267,769.16","($150,090.23)",180 ,0 ,169 ,(11)
TYLER,CHEROKEE,FM 22,063401011,7/27/2017,"$7,730,087.27","$27,081.86 ","$7,514,948.24","($242,220.89)",138 ,1 ,191 ,52 
TYLER,CHEROKEE,CR,091036127,5/24/2017,"$699,993.90","($20,963.75)","$679,786.93",$756.78 ,105 ,0 ,99 ,(6)
TYLER,GREGG,FM 449,064007005,8/25/2017,"$4,436,875.01","($228,721.49)","$4,139,418.57","($68,734.95)",284 ,9 ,290 ,(3)
TYLER,GREGG,FM 2275,215801013,6/13/2017,"$12,884,788.32","$273,108.29 ","$13,233,863.86","$75,967.25 ",360 ,22 ,379 ,(3)
TYLER,RUSK,US 259,013803142,5/25/2017,"$4,277,728.08","($63,025.34)","$4,115,477.21","($99,225.53)",45 ,0 ,77 ,32 
TYLER,RUSK,US 259,013804045,3/24/2017,"$5,667,818.78","$201,422.72 ","$5,971,715.71","$102,474.21 ",110 ,14 ,76 ,(48)
TYLER,RUSK,SH 43,020702027,5/25/2017,"$4,691,110.39","$8,884.30 ","$4,985,301.20","$285,306.51 ",57 ,0 ,100 ,43 
TYLER,RUSK,VA,091042041,6/26/2017,"$145,279.00","$1,785.98 ","$145,238.50","($1,826.48)",38 ,0 ,36 ,(2)
TYLER,SMITH,US 271,016501101,6/14/2017,"$4,372,572.15","$337,080.19 ","$4,790,758.04","$81,105.70 ",55 ,10 ,108 ,43 
TYLER,SMITH,SH 64,024506076,7/24/2017,"$3,872,443.98","$213,559.86 ","$4,276,105.95","$190,102.11 ",125 ,81 ,206 ,0 
TYLER,SMITH,VA,091000100,8/11/2017,"$209,929.70","($24,957.23)","$185,174.99",$202.52 ,26 ,0 ,19 ,(7)
TYLER,SMITH,CR,091016131,7/20/2017,"$947,499.80","$1,200.00 ","$969,565.11","$20,865.31 ",183 ,0 ,177 ,(6)
TYLER,VAN ZANDT,SH 198,044301028,3/13/2017,"$5,034,636.87","$258,785.30 ","$5,061,318.63","($232,103.54)",227 ,54 ,362 ,81 
WACO,BELL,FM 436,023116032,8/31/2017,"$174,160.93","($18,274.80)","$156,615.38",$729.25 ,30 ,0 ,26 ,(4)
WACO,BELL,SH 317,039804073,3/17/2017,"$2,346,791.50","($62,075.67)","$2,313,492.00","$28,776.17 ",128 ,0 ,135 ,7 
WACO,BELL,FM 2670,119803009,8/17/2017,"$521,758.00","$62,838.36 ","$615,012.00","$30,415.64 ",128 ,0 ,117 ,(11)
WACO,BOSQUE,SH 6,025804034,3/21/2017,"$5,936,805.87","$220,786.50 ","$6,138,369.28","($19,223.09)",60 ,0 ,104 ,44 
WACO,CORYELL,US 84,005506031,4/10/2017,"$5,618,425.61","$214,797.43 ","$5,826,607.04","($6,616.00)",277 ,0 ,277 ,0 
WACO,CORYELL,SH 36,018304051,8/22/2017,"$281,200.00",$0.00 ,"$283,790.00","$2,590.00 ",75 ,0 ,59 ,(16)
WACO,CORYELL,SH 36,018304052,4/24/2017,"$67,576.00",$0.00 ,"$69,556.00","$1,980.00 ",45 ,0 ,30 ,(15)
WACO,CORYELL,US 190,023119002,4/10/2017,"$43,078,679.02","$3,285,611.58 ","$47,396,413.04","$1,032,122.44 ",712 ,143 ,"1,048 ",193 
WACO,CORYELL,SH 9,362301001,5/15/2017,"$31,901,241.27","$2,238,031.06 ","$33,930,822.57","($208,449.76)",609 ,165 ,774 ,0 
WACO,FALLS,FM 1963,020904031,8/3/2017,"$859,637.65",$0.00 ,"$835,761.13","($23,876.52)",128 ,0 ,133 ,5 
WACO,FALLS,CR,090938052,3/23/2017,"$272,958.30",$0.00 ,"$250,993.40","($21,964.90)",85 ,0 ,63 ,(22)
WACO,FALLS,CR,090938072,4/24/2017,"$1,169,676.10",$0.00 ,"$1,118,319.00","($51,357.10)",489 ,0 ,377 ,(112)
WACO,HILL,IH 35,001407100,4/24/2017,"$918,011.90","$2,876.08 ","$916,814.83","($4,073.15)",107 ,0 ,106 ,(1)
WACO,HILL,IH 35W,001423032,8/31/2017,"$1,948,180.02","$42,391.02 ","$2,057,235.29","$66,664.25 ",107 ,0 ,95 ,(12)
WACO,LIMESTONE,FM 39,064302025,6/26/2017,"$7,540,212.54","$72,621.00 ","$7,369,396.40","($243,437.14)",255 ,0 ,254 ,(1)
WACO,MC LENNAN,FM 3476,001521012,8/24/2017,"$673,249.20","($23,130.79)","$625,436.07","($24,682.34)",30 ,0 ,28 ,(2)
WACO,MC LENNAN,CS,090922166,5/24/2017,"$755,454.92","$3,090.40 ","$735,262.58","($23,282.74)",90 ,0 ,108 ,18 
WACO,MC LENNAN,FM 3051,231101037,3/15/2017,"$432,180.00",$0.00 ,"$424,572.30","($7,607.70)",107 ,0 ,88 ,(19)
WACO,MC LENNAN,FM 3051,231101038,7/12/2017,"$195,682.45",$0.00 ,"$191,572.55","($4,109.90)",60 ,0 ,31 ,(29)
WACO,MC LENNAN,FM 1695,250601036,8/31/2017,"$717,978.81","($23,552.70)","$682,931.10","($11,495.01)",45 ,0 ,20 ,(25)
WACO,MC LENNAN,FM 2837,352101016,8/31/2017,"$1,787,727.68","$69,290.20 ","$1,789,312.50","($67,705.38)",127 ,3 ,154 ,24 
WICHITA FALLS,ARCHER,US 82,015605058,8/22/2017,"$1,761,197.18","$139,601.79 ","$1,964,174.30","$63,375.33 ",32 ,4 ,105 ,69 
WICHITA FALLS,CLAY,US 82,004402096,6/28/2017,"$419,000.00",$0.00 ,"$421,350.00","$2,350.00 ",103 ,0 ,98 ,(5)
WICHITA FALLS,COOKE,US 82,004407068,4/19/2017,"$145,746.35","$62,970.63 ","$221,085.74","$12,368.76 ",30 ,28 ,57 ,(1)
WICHITA FALLS,COOKE,FM 678,078201033,8/1/2017,"$3,375,961.86","($64,442.48)","$3,648,209.66","$336,690.28 ",162 ,0 ,135 ,(27)
WICHITA FALLS,COOKE,FM 922,084503056,5/25/2017,"$4,230,047.49","$156,527.27 ","$4,615,377.03","$228,802.27 ",213 ,31 ,244 ,0 
WICHITA FALLS,COOKE,FM 922,084503060,3/21/2017,"$332,007.54","$12,374.17 ","$363,708.56","$19,326.85 ",54 ,2 ,32 ,(24)
WICHITA FALLS,COOKE,CR,090315081,3/14/2017,"$1,009,366.40","$1,300.00 ","$999,673.20","($10,993.20)",230 ,0 ,187 ,(43)
WICHITA FALLS,COOKE,FM 3092,330801012,7/27/2017,"$1,969,043.18","$69,787.56 ","$2,047,312.37","$8,481.63 ",71 ,0 ,71 ,0 
WICHITA FALLS,MONTAGUE,US 81,001302020,4/5/2017,"$535,748.33","$82,996.39 ","$620,892.51","$2,147.79 ",30 ,10 ,29 ,(11)
WICHITA FALLS,MONTAGUE,CR,090328043,4/11/2017,"$1,149,466.65",$0.00 ,"$1,118,600.08","($30,866.57)",153 ,0 ,116 ,(37)
WICHITA FALLS,WICHITA,BU 287J,004317029,3/29/2017,"$655,287.30","$24,786.62 ","$624,441.31","($55,632.61)",19 ,0 ,66 ,47 
WICHITA FALLS,WICHITA,US 82,004401103,6/26/2017,"$1,194,000.00","$9,413.25 ","$1,142,243.25","($61,170.00)",102 ,0 ,93 ,(9)
WICHITA FALLS,WICHITA,SH 258,054401020,8/11/2017,"$5,823,532.08","$159,343.97 ","$6,161,988.52","$179,112.47 ",150 ,109 ,360 ,101 
WICHITA FALLS,WICHITA,VA,090300075,3/21/2017,"$3,132,333.32",$0.00 ,"$2,992,357.21","($139,976.11)",223 ,0 ,264 ,41 
WICHITA FALLS,WILBARGER,US 287,004307108,3/10/2017,"$6,799,282.27","$1,135,907.47 ","$7,797,685.83","($137,503.91)",72 ,5 ,77 ,0 
YOAKUM,AUSTIN,IH 10,027102058,7/24/2017,"$4,099,769.80","($56,738.56)","$4,232,099.98","$189,068.74 ",120 ,0 ,120 ,0 
YOAKUM,AUSTIN,FM 109,071601045,4/12/2017,"$605,947.89",$0.00 ,"$598,224.11","($7,723.78)",20 ,0 ,11 ,(9)
YOAKUM,CALHOUN,FM 1090,051503049,6/5/2017,"$344,790.67",$0.00 ,"$341,330.13","($3,460.54)",60 ,0 ,65 ,5 
YOAKUM,CALHOUN,FM 1289,143801021,5/11/2017,"$4,870,061.86","$89,618.57 ","$5,041,738.93","$82,058.50 ",130 ,26 ,156 ,0 
YOAKUM,DE WITT,US 87,014308089,6/15/2017,"$2,789,989.26","$635,535.54 ","$3,330,776.03","($94,748.77)",45 ,9 ,54 ,0 
YOAKUM,DE WITT,SH 119,035903025,7/21/2017,"$4,573,832.62","$40,717.74 ","$4,677,483.12","$62,932.76 ",90 ,49 ,134 ,(5)
YOAKUM,FAYETTE,US 77,026901029,7/10/2017,"$2,609,953.17","$20,752.47 ","$2,710,532.83","$79,827.19 ",75 ,27 ,102 ,0 
YOAKUM,LAVACA,SH 95,032402022,6/15/2017,"$2,310,815.09","($16,136.44)","$2,291,589.05","($3,089.60)",60 ,0 ,50 ,(10)
YOAKUM,MATAGORDA,FM 457,060501061,4/12/2017,"$814,911.00",$0.00 ,"$817,918.31","$3,007.31 ",45 ,5 ,71 ,21 
YOAKUM,MATAGORDA,CR,091321045,3/17/2017,"$333,383.92",$0.00 ,"$332,506.48",($877.44),60 ,0 ,59 ,(1)
YOAKUM,VICTORIA,SH 185,043202088,7/3/2017,"$193,412.35","($8,063.08)","$189,016.97","$3,667.70 ",30 ,0 ,15 ,(15)
YOAKUM,VICTORIA,FM 444,084005021,7/3/2017,"$810,634.54","$165,770.37 ","$967,392.75","($9,012.16)",120 ,10 ,107 ,(23)
YOAKUM,VICTORIA,CR,091327065,5/22/2017,"$296,070.60","$6,453.00 ","$294,146.00","($8,377.60)",60 ,7 ,52 ,(15)
YOAKUM,WHARTON,CR,091309057,3/13/2017,"$465,982.00",$0.00 ,"$462,545.78","($3,436.22)",75 ,0 ,68 ,(7)
YOAKUM,WHARTON,CR,091309058,4/13/2017,"$524,660.50",$0.00 ,"$510,315.50","($14,345.00)",67 ,0 ,62 ,(5)
